"ContainerNumber","ScanTime","PicNumber","XmlFile"
"MSNU9001395","12/1/2025 1:42:42 PM","23301FS01202512010001","C:\NickScan\FS6000\Archive\2025\1201\0001\23301FS01202512010001.xml"
"MSCU6770704","12/1/2025 2:58:36 PM","23301FS01202512010009","C:\NickScan\FS6000\Archive\2025\1201\0009\23301FS01202512010009.xml"
"HASU1039533","12/2/2025 6:01:21 AM","23301FS01202512020009","C:\NickScan\FS6000\Archive\2025\1202\0009\23301FS01202512020009.xml"
"MRKU7697610","12/2/2025 6:22:58 AM","23301FS01202512020010","C:\NickScan\FS6000\Archive\2025\1202\0010\23301FS01202512020010.xml"
"TCLU5549563","12/2/2025 12:15:52 PM","23301FS01202512020013","C:\NickScan\FS6000\Archive\2025\1202\0013\23301FS01202512020013.xml"
"MSNU3839143","12/2/2025 12:34:51 PM","23301FS01202512020014","C:\NickScan\FS6000\Archive\2025\1202\0014\23301FS01202512020014.xml"
"HASU4716221","12/2/2025 5:25:32 PM","23301FS01202512020046","C:\NickScan\FS6000\Archive\2025\1202\0046\23301FS01202512020046.xml"
"MEDU3787660","12/3/2025 11:18:06 AM","23301FS01202512030019","C:\NickScan\FS6000\Archive\2025\1203\0019\23301FS01202512030019.xml"
"SUDU7846052","12/3/2025 11:26:01 AM","23301FS01202512030021","C:\NickScan\FS6000\Archive\2025\1203\0021\23301FS01202512030021.xml"
"CAAU4526501","12/3/2025 11:39:57 AM","23301FS01202512030022","C:\NickScan\FS6000\Archive\2025\1203\0022\23301FS01202512030022.xml"
"MSDU8294529","12/3/2025 2:52:05 PM","23301FS01202512030033","C:\NickScan\FS6000\Archive\2025\1203\0033\23301FS01202512030033.xml"
"MSNU7294761","12/3/2025 2:55:23 PM","23301FS01202512030034","C:\NickScan\FS6000\Archive\2025\1203\0034\23301FS01202512030034.xml"
"MRKU9805421","12/3/2025 3:49:39 PM","23301FS01202512030037","C:\NickScan\FS6000\Archive\2025\1203\0037\23301FS01202512030037.xml"
"MSMU2751516","12/3/2025 4:12:39 PM","23301FS01202512030042","C:\NickScan\FS6000\Archive\2025\1203\0042\23301FS01202512030042.xml"
"HASU1100063","12/3/2025 5:30:22 PM","23301FS01202512030049","C:\NickScan\FS6000\Archive\2025\1203\0049\23301FS01202512030049.xml"
"MEDU7756040","12/3/2025 8:38:49 PM","23301FS01202512030063","C:\NickScan\FS6000\Archive\2025\1203\0063\23301FS01202512030063.xml"
"MSDU7878030","12/3/2025 8:42:31 PM","23301FS01202512030064","C:\NickScan\FS6000\Archive\2025\1203\0064\23301FS01202512030064.xml"
"CAIU4389839","12/3/2025 8:44:29 PM","23301FS01202512030065","C:\NickScan\FS6000\Archive\2025\1203\0065\23301FS01202512030065.xml"
"MSNU6603892","12/4/2025 11:21:39 AM","23301FS01202512040017","C:\NickScan\FS6000\Archive\2025\1204\0017\23301FS01202512040017.xml"
"MRKU9324010","12/4/2025 1:10:22 PM","23301FS01202512040019","C:\NickScan\FS6000\Archive\2025\1204\0019\23301FS01202512040019.xml"
"MEDU4508374","12/4/2025 4:30:38 PM","23301FS01202512040037","C:\NickScan\FS6000\Archive\2025\1204\0037\23301FS01202512040037.xml"
"MRSU0115048","12/4/2025 10:26:05 PM","23301FS01202512040065","C:\NickScan\FS6000\Archive\2025\1204\0065\23301FS01202512040065.xml"
"MSMU3574349","12/5/2025 9:19:29 PM","23301FS01202512050024","C:\NickScan\FS6000\Archive\2025\1205\0023\23301FS01202512050024.xml"
"TCKU1121543","12/6/2025 8:36:36 AM","23301FS01202512060001","C:\NickScan\FS6000\Archive\2025\1206\0001\23301FS01202512060001.xml"
"MSDU2299502","12/6/2025 5:52:23 PM","23301FS01202512060007","C:\NickScan\FS6000\Archive\2025\1206\0007\23301FS01202512060007.xml"
"MSMU1641854","12/8/2025 4:00:51 AM","23301FS01202512080001","C:\NickScan\FS6000\Archive\2025\1208\0001\23301FS01202512080001.xml"
"TGBU1237630","12/8/2025 10:09:17 AM","23301FS01202512080005","C:\NickScan\FS6000\Archive\2025\1208\0005\23301FS01202512080005.xml"
"MSMU6742512","12/8/2025 10:48:35 AM","23301FS01202512080007","C:\NickScan\FS6000\Archive\2025\1208\0007\23301FS01202512080007.xml"
"MSDU5523597","12/8/2025 3:49:43 PM","23301FS01202512080022","C:\NickScan\FS6000\Archive\2025\1208\0022\23301FS01202512080022.xml"
"MSKU5506126","12/8/2025 5:03:21 PM","23301FS01202512080027","C:\NickScan\FS6000\Archive\2025\1208\0027\23301FS01202512080027.xml"
"MRKU7311013","12/8/2025 5:11:15 PM","23301FS01202512080028","C:\NickScan\FS6000\Archive\2025\1208\0028\23301FS01202512080028.xml"
"TCLU2925477","12/8/2025 6:53:21 PM","23301FS01202512080033","C:\NickScan\FS6000\Archive\2025\1208\0033\23301FS01202512080033.xml"
"MSDU2625609","12/8/2025 11:34:54 PM","23301FS01202512080047","C:\NickScan\FS6000\Archive\2025\1208\0047\23301FS01202512080047.xml"
"TEMU1504660","12/9/2025 3:06:38 AM","23301FS01202512090012","C:\NickScan\FS6000\Archive\2025\1209\0012\23301FS01202512090012.xml"
"MSNU2674265","12/9/2025 8:52:19 AM","23301FS01202512090016","C:\NickScan\FS6000\Archive\2025\1209\0016\23301FS01202512090016.xml"
"MSBU1094795","12/9/2025 12:54:58 PM","23301FS01202512090020","C:\NickScan\FS6000\Archive\2025\1209\0020\23301FS01202512090020.xml"
"MSBU3220866","12/9/2025 3:19:26 PM","23301FS01202512090028","C:\NickScan\FS6000\Archive\2025\1209\0028\23301FS01202512090028.xml"
"MSKU5287753","12/9/2025 3:39:38 PM","23301FS01202512090030","C:\NickScan\FS6000\Archive\2025\1209\0030\23301FS01202512090030.xml"
"MRKU8414675","12/9/2025 3:46:13 PM","23301FS01202512090031","C:\NickScan\FS6000\Archive\2025\1209\0031\23301FS01202512090031.xml"
"MSNU2549371","12/10/2025 8:53:30 AM","23301FS01202512100001","C:\NickScan\FS6000\Archive\2025\1210\0001\23301FS01202512100001.xml"
"MSBU2644812","12/10/2025 9:50:21 AM","23301FS01202512100004","C:\NickScan\FS6000\Archive\2025\1210\0004\23301FS01202512100004.xml"
"BMOU2460239","12/10/2025 10:10:29 AM","23301FS01202512100005","C:\NickScan\FS6000\Archive\2025\1210\0005\23301FS01202512100005.xml"
"CAIU4722148","12/10/2025 12:12:29 PM","23301FS01202512100009","C:\NickScan\FS6000\Archive\2025\1210\0009\23301FS01202512100009.xml"
"MRKU6741663","12/10/2025 2:25:23 PM","23301FS01202512100016","C:\NickScan\FS6000\Archive\2025\1210\0016\23301FS01202512100016.xml"
"GAOU2542613","12/10/2025 3:26:13 PM","23301FS01202512100022","C:\NickScan\FS6000\Archive\2025\1210\0022\23301FS01202512100022.xml"
"TTNU1666875","12/10/2025 3:26:13 PM","23301FS01202512100022","C:\NickScan\FS6000\Archive\2025\1210\0022\23301FS01202512100022.xml"
"TCNU9829261","12/10/2025 3:27:09 PM","23301FS01202512100023","C:\NickScan\FS6000\Archive\2025\1210\0023\23301FS01202512100023.xml"
"MSKU7628674","12/10/2025 3:39:46 PM","23301FS01202512100027","C:\NickScan\FS6000\Archive\2025\1210\0027\23301FS01202512100027.xml"
"MSKU1563046","12/10/2025 3:57:41 PM","23301FS01202512100029","C:\NickScan\FS6000\Archive\2025\1210\0029\23301FS01202512100029.xml"
"GAOU7763181","12/10/2025 4:03:13 PM","23301FS01202512100031","C:\NickScan\FS6000\Archive\2025\1210\0031\23301FS01202512100031.xml"
"MVIU0015161","12/10/2025 4:07:15 PM","23301FS01202512100032","C:\NickScan\FS6000\Archive\2025\1210\0032\23301FS01202512100032.xml"
"MEDU7171559","12/10/2025 4:12:36 PM","23301FS01202512100033","C:\NickScan\FS6000\Archive\2025\1210\0033\23301FS01202512100033.xml"
"MSBU3367184","12/10/2025 5:00:45 PM","23301FS01202512100038","C:\NickScan\FS6000\Archive\2025\1210\0038\23301FS01202512100038.xml"
"MSDU1682538","12/10/2025 5:00:45 PM","23301FS01202512100038","C:\NickScan\FS6000\Archive\2025\1210\0038\23301FS01202512100038.xml"
"MSKU7716672","12/10/2025 5:24:56 PM","23301FS01202512100044","C:\NickScan\FS6000\Archive\2025\1210\0044\23301FS01202512100044.xml"
"GAOU2559914","12/10/2025 7:30:26 PM","23301FS01202512100049","C:\NickScan\FS6000\Archive\2025\1210\0049\23301FS01202512100049.xml"
"MSNU9529145","12/11/2025 10:13:59 AM","23301FS01202512110005","C:\NickScan\FS6000\Archive\2025\1211\0005\23301FS01202512110005.xml"
"MSDU6199939","12/11/2025 10:16:42 AM","23301FS01202512110006","C:\NickScan\FS6000\Archive\2025\1211\0006\23301FS01202512110006.xml"
"CIPU5120156","12/11/2025 10:27:32 AM","23301FS01202512110007","C:\NickScan\FS6000\Archive\2025\1211\0007\23301FS01202512110007.xml"
"MSDU8021910","12/11/2025 10:33:45 AM","23301FS01202512110008","C:\NickScan\FS6000\Archive\2025\1211\0008\23301FS01202512110008.xml"
"TGHU9866272","12/11/2025 12:13:43 PM","23301FS01202512110012","C:\NickScan\FS6000\Archive\2025\1211\0012\23301FS01202512110012.xml"
"MAXU1399141","12/11/2025 12:30:03 PM","23301FS01202512110013","C:\NickScan\FS6000\Archive\2025\1211\0013\23301FS01202512110013.xml"
"MRKU9173398","12/11/2025 12:31:27 PM","23301FS01202512110014","C:\NickScan\FS6000\Archive\2025\1211\0014\23301FS01202512110014.xml"
"MSNU3112529","12/11/2025 12:43:09 PM","23301FS01202512110016","C:\NickScan\FS6000\Archive\2025\1211\0016\23301FS01202512110016.xml"
"MSNU3262513","12/11/2025 12:50:51 PM","23301FS01202512110019","C:\NickScan\FS6000\Archive\2025\1211\0019\23301FS01202512110019.xml"
"UETU6624222","12/11/2025 12:52:55 PM","23301FS01202512110020","C:\NickScan\FS6000\Archive\2025\1211\0020\23301FS01202512110020.xml"
"TGHU7554995","12/11/2025 1:16:05 PM","23301FS01202512110022","C:\NickScan\FS6000\Archive\2025\1211\0022\23301FS01202512110022.xml"
"TCLU5687900","12/11/2025 3:08:29 PM","23301FS01202512110026","C:\NickScan\FS6000\Archive\2025\1211\0026\23301FS01202512110026.xml"
"MRKU8516358","12/11/2025 3:28:43 PM","23301FS01202512110028","C:\NickScan\FS6000\Archive\2025\1211\0028\23301FS01202512110028.xml"
"MSMU1201500","12/11/2025 3:47:32 PM","23301FS01202512110030","C:\NickScan\FS6000\Archive\2025\1211\0030\23301FS01202512110030.xml"
"PSSU3906155","12/11/2025 3:50:30 PM","23301FS01202512110031","C:\NickScan\FS6000\Archive\2025\1211\0031\23301FS01202512110031.xml"
"MSNU1562595","12/11/2025 9:53:12 PM","23301FS01202512110057","C:\NickScan\FS6000\Archive\2025\1211\0057\23301FS01202512110057.xml"
"MSNU1871296","12/12/2025 1:23:18 AM","23301FS01202512120002","C:\NickScan\FS6000\Archive\2025\1212\0002\23301FS01202512120002.xml"
"TCLU6105780","12/12/2025 9:21:54 AM","23301FS01202512120006","C:\NickScan\FS6000\Archive\2025\1212\0006\23301FS01202512120006.xml"
"MAGU2449227","12/12/2025 10:33:05 AM","23301FS01202512120009","C:\NickScan\FS6000\Archive\2025\1212\0009\23301FS01202512120009.xml"
"SUDU1792215","12/12/2025 3:40:22 PM","23301FS01202512120017","C:\NickScan\FS6000\Archive\2025\1212\0017\23301FS01202512120017.xml"
"GLDU5107076","12/12/2025 3:41:24 PM","23301FS01202512120018","C:\NickScan\FS6000\Archive\2025\1212\0018\23301FS01202512120018.xml"
"SUDU7799177","12/12/2025 3:43:05 PM","23301FS01202512120019","C:\NickScan\FS6000\Archive\2025\1212\0019\23301FS01202512120019.xml"
"TCKU1271559","12/12/2025 4:47:07 PM","23301FS01202512120024","C:\NickScan\FS6000\Archive\2025\1212\0024\23301FS01202512120024.xml"
"MEDU7593847","12/12/2025 5:26:59 PM","23301FS01202512120027","C:\NickScan\FS6000\Archive\2025\1212\0027\23301FS01202512120027.xml"
"CAIU7814680","12/13/2025 9:51:43 AM","23301FS01202512130005","C:\NickScan\FS6000\Archive\2025\1213\0005\23301FS01202512130005.xml"
"FFAU2028381","12/13/2025 10:52:49 AM","23301FS01202512130007","C:\NickScan\FS6000\Archive\2025\1213\0007\23301FS01202512130007.xml"
"MEDU7870474","12/13/2025 11:08:19 AM","23301FS01202512130009","C:\NickScan\FS6000\Archive\2025\1213\0009\23301FS01202512130009.xml"
"MSDU8194387","12/13/2025 1:28:38 PM","23301FS01202512130011","C:\NickScan\FS6000\Archive\2025\1213\0011\23301FS01202512130011.xml"
"MRKU8508136","12/13/2025 4:42:49 PM","23301FS01202512130013","C:\NickScan\FS6000\Archive\2025\1213\0013\23301FS01202512130013.xml"
"CAAU5668650","12/13/2025 6:40:33 PM","23301FS01202512130020","C:\NickScan\FS6000\Archive\2025\1213\0020\23301FS01202512130020.xml"
"MRKU9285417","12/13/2025 7:58:40 PM","23301FS01202512130025","C:\NickScan\FS6000\Archive\2025\1213\0025\23301FS01202512130025.xml"
"SUDU1402343","12/13/2025 7:58:40 PM","23301FS01202512130025","C:\NickScan\FS6000\Archive\2025\1213\0025\23301FS01202512130025.xml"
"TGHU0292445","12/13/2025 11:25:02 PM","23301FS01202512130027","C:\NickScan\FS6000\Archive\2025\1213\0027\23301FS01202512130027.xml"
"MRKU9531017","12/14/2025 7:19:40 AM","23301FS01202512140001","C:\NickScan\FS6000\Archive\2025\1214\0001\23301FS01202512140001.xml"
"MSKU7725695","12/14/2025 7:54:21 AM","23301FS01202512140003","C:\NickScan\FS6000\Archive\2025\1214\0003\23301FS01202512140003.xml"
"MRKU7406994","12/14/2025 11:27:42 PM","23301FS01202512140011","C:\NickScan\FS6000\Archive\2025\1214\0011\23301FS01202512140011.xml"
"MSNU2859103","12/15/2025 9:14:59 AM","23301FS01202512150009","C:\NickScan\FS6000\Archive\2025\1215\0009\23301FS01202512150009.xml"
"TXGU6949158","12/15/2025 11:03:29 AM","23301FS01202512150012","C:\NickScan\FS6000\Archive\2025\1215\0012\23301FS01202512150012.xml"
"INKU6522540","12/15/2025 11:28:03 AM","23301FS01202512150014","C:\NickScan\FS6000\Archive\2025\1215\0014\23301FS01202512150014.xml"
"CAIU7279856","12/15/2025 11:56:58 AM","23301FS01202512150016","C:\NickScan\FS6000\Archive\2025\1215\0016\23301FS01202512150016.xml"
"MSNU1646058","12/15/2025 2:05:35 PM","23301FS01202512150019","C:\NickScan\FS6000\Archive\2025\1215\0019\23301FS01202512150019.xml"
"MSBU1097372","12/15/2025 2:05:35 PM","23301FS01202512150019","C:\NickScan\FS6000\Archive\2025\1215\0019\23301FS01202512150019.xml"
"MSNU1194868","12/15/2025 2:07:56 PM","23301FS01202512150020","C:\NickScan\FS6000\Archive\2025\1215\0020\23301FS01202512150020.xml"
"MSNU1503946","12/15/2025 2:07:56 PM","23301FS01202512150020","C:\NickScan\FS6000\Archive\2025\1215\0020\23301FS01202512150020.xml"
"MSNU2975757","12/15/2025 2:17:20 PM","23301FS01202512150021","C:\NickScan\FS6000\Archive\2025\1215\0021\23301FS01202512150021.xml"
"MRKU9403485","12/15/2025 4:23:28 PM","23301FS01202512150030","C:\NickScan\FS6000\Archive\2025\1215\0030\23301FS01202512150030.xml"
"MSBU3266039","12/15/2025 4:46:52 PM","23301FS01202512150036","C:\NickScan\FS6000\Archive\2025\1215\0036\23301FS01202512150036.xml"
"MSBU1230839","12/15/2025 4:57:49 PM","23301FS01202512150037","C:\NickScan\FS6000\Archive\2025\1215\0037\23301FS01202512150037.xml"
"TCKU2270198","12/15/2025 8:48:55 PM","23301FS01202512150043","C:\NickScan\FS6000\Archive\2025\1215\0043\23301FS01202512150043.xml"
"MSMU7676077","12/16/2025 12:07:50 PM","23301FS01202512160013","C:\NickScan\FS6000\Archive\2025\1216\0013\23301FS01202512160013.xml"
"MRKU9456382","12/16/2025 12:57:56 PM","23301FS01202512160017","C:\NickScan\FS6000\Archive\2025\1216\0017\23301FS01202512160017.xml"
"MSMU6232545","12/16/2025 2:04:53 PM","23301FS01202512160022","C:\NickScan\FS6000\Archive\2025\1216\0022\23301FS01202512160022.xml"
"TCNU8196277","12/16/2025 2:18:32 PM","23301FS01202512160023","C:\NickScan\FS6000\Archive\2025\1216\0023\23301FS01202512160023.xml"
"MSMU2729033","12/16/2025 2:30:54 PM","23301FS01202512160024","C:\NickScan\FS6000\Archive\2025\1216\0024\23301FS01202512160024.xml"
"MSBU2520642","12/17/2025 1:47:56 AM","23301FS01202512170002","C:\NickScan\FS6000\Archive\2025\1217\0002\23301FS01202512170002.xml"
"MRKU8366983","12/17/2025 3:07:42 AM","23301FS01202512170005","C:\NickScan\FS6000\Archive\2025\1217\0005\23301FS01202512170005.xml"
"MRKU9255665","12/17/2025 9:51:17 AM","23301FS01202512170010","C:\NickScan\FS6000\Archive\2025\1217\0010\23301FS01202512170010.xml"
"MSDU7569534","12/17/2025 10:29:59 AM","23301FS01202512170011","C:\NickScan\FS6000\Archive\2025\1217\0011\23301FS01202512170011.xml"
"FSCU7188244","12/17/2025 10:33:29 AM","23301FS01202512170012","C:\NickScan\FS6000\Archive\2025\1217\0012\23301FS01202512170012.xml"
"MRSU6883969","12/17/2025 10:59:20 AM","23301FS01202512170013","C:\NickScan\FS6000\Archive\2025\1217\0013\23301FS01202512170013.xml"
"MSNU5500164","12/17/2025 11:17:44 AM","23301FS01202512170014","C:\NickScan\FS6000\Archive\2025\1217\0014\23301FS01202512170014.xml"
"MSKU5836576","12/17/2025 4:25:50 PM","23301FS01202512170036","C:\NickScan\FS6000\Archive\2025\1217\0036\23301FS01202512170036.xml"
"PONU0312766","12/17/2025 4:55:25 PM","23301FS01202512170039","C:\NickScan\FS6000\Archive\2025\1217\0039\23301FS01202512170039.xml"
"MSKU5506126","12/17/2025 9:28:47 PM","23301FS01202512170046","C:\NickScan\FS6000\Archive\2025\1217\0046\23301FS01202512170046.xml"
"MSDU2781896","12/18/2025 10:29:18 AM","23301FS01202512180007","C:\NickScan\FS6000\Archive\2025\1218\0007\23301FS01202512180007.xml"
"MEDU6961142","12/18/2025 10:56:59 AM","23301FS01202512180010","C:\NickScan\FS6000\Archive\2025\1218\0010\23301FS01202512180010.xml"
"TCNU9639256","12/18/2025 11:23:38 AM","23301FS01202512180013","C:\NickScan\FS6000\Archive\2025\1218\0013\23301FS01202512180013.xml"
"TCNU3369317","12/18/2025 12:55:40 PM","23301FS01202512180017","C:\NickScan\FS6000\Archive\2025\1218\0017\23301FS01202512180017.xml"
"OOLU0380741","12/18/2025 1:20:20 PM","23301FS01202512180019","C:\NickScan\FS6000\Archive\2025\1218\0019\23301FS01202512180019.xml"
"OOLU0231970","12/18/2025 1:25:31 PM","23301FS01202512180020","C:\NickScan\FS6000\Archive\2025\1218\0020\23301FS01202512180020.xml"
"TEMU4178207","12/18/2025 1:33:25 PM","23301FS01202512180021","C:\NickScan\FS6000\Archive\2025\1218\0021\23301FS01202512180021.xml"
"OOLU0261995","12/18/2025 1:38:25 PM","23301FS01202512180022","C:\NickScan\FS6000\Archive\2025\1218\0022\23301FS01202512180022.xml"
"MSKU2979819","12/18/2025 1:42:47 PM","23301FS01202512180023","C:\NickScan\FS6000\Archive\2025\1218\0023\23301FS01202512180023.xml"
"CAAU2414919","12/18/2025 2:57:18 PM","23301FS01202512180031","C:\NickScan\FS6000\Archive\2025\1218\0031\23301FS01202512180031.xml"
"HASU1503500","12/18/2025 4:02:03 PM","23301FS01202512180037","C:\NickScan\FS6000\Archive\2025\1218\0037\23301FS01202512180037.xml"
"MRKU7377520","12/18/2025 4:05:17 PM","23301FS01202512180038","C:\NickScan\FS6000\Archive\2025\1218\0038\23301FS01202512180038.xml"
"MRSU4964995","12/18/2025 4:13:55 PM","23301FS01202512180040","C:\NickScan\FS6000\Archive\2025\1218\0040\23301FS01202512180040.xml"
"UETU6827050","12/18/2025 4:16:53 PM","23301FS01202512180041","C:\NickScan\FS6000\Archive\2025\1218\0041\23301FS01202512180041.xml"
"MRSU5059712","12/18/2025 4:23:37 PM","23301FS01202512180042","C:\NickScan\FS6000\Archive\2025\1218\0042\23301FS01202512180042.xml"
"CARU9895883","12/18/2025 4:24:30 PM","23301FS01202512180043","C:\NickScan\FS6000\Archive\2025\1218\0043\23301FS01202512180043.xml"
"OOCU0500780","12/18/2025 5:24:54 PM","23301FS01202512180049","C:\NickScan\FS6000\Archive\2025\1218\0049\23301FS01202512180049.xml"
"MRKU7715592","12/18/2025 5:42:52 PM","23301FS01202512180052","C:\NickScan\FS6000\Archive\2025\1218\0052\23301FS01202512180052.xml"
"BMOU2927220","12/18/2025 9:01:45 PM","23301FS01202512180059","C:\NickScan\FS6000\Archive\2025\1218\0059\23301FS01202512180059.xml"
"MSMU5943615","12/19/2025 2:58:43 AM","23301FS01202512190016","C:\NickScan\FS6000\Archive\2025\1219\0016\23301FS01202512190016.xml"
"MSDU8783480","12/19/2025 10:23:32 AM","23301FS01202512190033","C:\NickScan\FS6000\Archive\2025\1219\0033\23301FS01202512190033.xml"
"TGCU2156964","12/19/2025 10:38:52 AM","23301FS01202512190034","C:\NickScan\FS6000\Archive\2025\1219\0034\23301FS01202512190034.xml"
"MSNU2968629","12/19/2025 10:41:07 AM","23301FS01202512190035","C:\NickScan\FS6000\Archive\2025\1219\0035\23301FS01202512190035.xml"
"SUDU7658878","12/19/2025 11:54:58 AM","23301FS01202512190038","C:\NickScan\FS6000\Archive\2025\1219\0038\23301FS01202512190038.xml"
"TGBU5713740","12/19/2025 11:58:25 AM","23301FS01202512190039","C:\NickScan\FS6000\Archive\2025\1219\0039\23301FS01202512190039.xml"
"MRKU6988904","12/19/2025 12:24:03 PM","23301FS01202512190041","C:\NickScan\FS6000\Archive\2025\1219\0041\23301FS01202512190041.xml"
"MSNU1077100","12/19/2025 12:31:58 PM","23301FS01202512190042","C:\NickScan\FS6000\Archive\2025\1219\0042\23301FS01202512190042.xml"
"TCNU1025971","12/19/2025 12:33:19 PM","23301FS01202512190043","C:\NickScan\FS6000\Archive\2025\1219\0043\23301FS01202512190043.xml"
"MRKU8445022","12/19/2025 2:07:46 PM","23301FS01202512190048","C:\NickScan\FS6000\Archive\2025\1219\0048\23301FS01202512190048.xml"
"SUDU7947314","12/19/2025 2:13:49 PM","23301FS01202512190049","C:\NickScan\FS6000\Archive\2025\1219\0049\23301FS01202512190049.xml"
"MSMU2315636","12/19/2025 3:49:26 PM","23301FS01202512190061","C:\NickScan\FS6000\Archive\2025\1219\0061\23301FS01202512190061.xml"
"MSKU5552137","12/19/2025 3:53:54 PM","23301FS01202512190063","C:\NickScan\FS6000\Archive\2025\1219\0063\23301FS01202512190063.xml"
"MSNU5291444","12/19/2025 3:54:31 PM","23301FS01202512190064","C:\NickScan\FS6000\Archive\2025\1219\0064\23301FS01202512190064.xml"
"MRKU7843063","12/19/2025 3:56:45 PM","23301FS01202512190065","C:\NickScan\FS6000\Archive\2025\1219\0065\23301FS01202512190065.xml"
"MSNU7413881","12/19/2025 3:58:33 PM","23301FS01202512190066","C:\NickScan\FS6000\Archive\2025\1219\0066\23301FS01202512190066.xml"
"MRKU8752646","12/19/2025 4:00:08 PM","23301FS01202512190067","C:\NickScan\FS6000\Archive\2025\1219\0067\23301FS01202512190067.xml"
"GESU5847292","12/19/2025 4:04:49 PM","23301FS01202512190068","C:\NickScan\FS6000\Archive\2025\1219\0068\23301FS01202512190068.xml"
"MRKU7086191","12/19/2025 4:10:39 PM","23301FS01202512190069","C:\NickScan\FS6000\Archive\2025\1219\0069\23301FS01202512190069.xml"
"TGBU2089707","12/19/2025 4:12:59 PM","23301FS01202512190070","C:\NickScan\FS6000\Archive\2025\1219\0070\23301FS01202512190070.xml"
"MRKU8643814","12/19/2025 4:14:35 PM","23301FS01202512190071","C:\NickScan\FS6000\Archive\2025\1219\0071\23301FS01202512190071.xml"
"CSNU2417781","12/19/2025 4:20:24 PM","23301FS01202512190072","C:\NickScan\FS6000\Archive\2025\1219\0072\23301FS01202512190072.xml"
"CSNU1269479","12/19/2025 4:24:02 PM","23301FS01202512190073","C:\NickScan\FS6000\Archive\2025\1219\0073\23301FS01202512190073.xml"
"MRSU0271288","12/19/2025 4:44:47 PM","23301FS01202512190076","C:\NickScan\FS6000\Archive\2025\1219\0076\23301FS01202512190076.xml"
"OOCU0402720","12/19/2025 4:55:54 PM","23301FS01202512190077","C:\NickScan\FS6000\Archive\2025\1219\0077\23301FS01202512190077.xml"
"MSDU6708316","12/20/2025 1:42:54 AM","23301FS01202512200004","C:\NickScan\FS6000\Archive\2025\1220\0004\23301FS01202512200004.xml"
"GESU6802311","12/20/2025 1:46:27 AM","23301FS01202512200005","C:\NickScan\FS6000\Archive\2025\1220\0005\23301FS01202512200005.xml"
"MEDU8832993","12/20/2025 1:49:54 AM","23301FS01202512200006","C:\NickScan\FS6000\Archive\2025\1220\0006\23301FS01202512200006.xml"
"TLLU5057900","12/20/2025 11:40:30 AM","23301FS01202512200020","C:\NickScan\FS6000\Archive\2025\1220\0020\23301FS01202512200020.xml"
"OOLU1905156","12/20/2025 1:56:37 PM","23301FS01202512200024","C:\NickScan\FS6000\Archive\2025\1220\0024\23301FS01202512200024.xml"
"FCIU4807562","12/20/2025 2:01:55 PM","23301FS01202512200025","C:\NickScan\FS6000\Archive\2025\1220\0025\23301FS01202512200025.xml"
"OOCU0523216","12/20/2025 2:01:55 PM","23301FS01202512200025","C:\NickScan\FS6000\Archive\2025\1220\0025\23301FS01202512200025.xml"
"OOCU0929460","12/20/2025 2:05:37 PM","23301FS01202512200026","C:\NickScan\FS6000\Archive\2025\1220\0026\23301FS01202512200026.xml"
"CSNU2457552","12/20/2025 2:09:45 PM","23301FS01202512200027","C:\NickScan\FS6000\Archive\2025\1220\0027\23301FS01202512200027.xml"
"OOCU0982758","12/20/2025 2:13:04 PM","23301FS01202512200028","C:\NickScan\FS6000\Archive\2025\1220\0028\23301FS01202512200028.xml"
"OOCU0721630","12/20/2025 3:01:56 PM","23301FS01202512200030","C:\NickScan\FS6000\Archive\2025\1220\0030\23301FS01202512200030.xml"
"CSNU2022950","12/20/2025 3:07:04 PM","23301FS01202512200031","C:\NickScan\FS6000\Archive\2025\1220\0031\23301FS01202512200031.xml"
"TGBU7815192","12/20/2025 7:45:07 PM","23301FS01202512200043","C:\NickScan\FS6000\Archive\2025\1220\0043\23301FS01202512200043.xml"
"MRKU8074338","12/21/2025 7:13:01 AM","23301FS01202512210020","C:\NickScan\FS6000\Archive\2025\1221\0020\23301FS01202512210020.xml"
"MSDU5793355","12/22/2025 1:14:40 AM","23301FS01202512220005","C:\NickScan\FS6000\Archive\2025\1222\0005\23301FS01202512220005.xml"
"FFAU1911386","12/22/2025 10:39:53 AM","23301FS01202512220025","C:\NickScan\FS6000\Archive\2025\1222\0025\23301FS01202512220025.xml"
"TCNU7646282","12/22/2025 10:56:27 AM","23301FS01202512220027","C:\NickScan\FS6000\Archive\2025\1222\0027\23301FS01202512220027.xml"
"MEDU7474318","12/22/2025 11:06:35 AM","23301FS01202512220029","C:\NickScan\FS6000\Archive\2025\1222\0029\23301FS01202512220029.xml"
"MSNU5560332","12/22/2025 11:10:46 AM","23301FS01202512220030","C:\NickScan\FS6000\Archive\2025\1222\0030\23301FS01202512220030.xml"
"MSCU5271594","12/22/2025 11:59:29 AM","23301FS01202512220036","C:\NickScan\FS6000\Archive\2025\1222\0036\23301FS01202512220036.xml"
"MSDU1952058","12/22/2025 12:38:32 PM","23301FS01202512220038","C:\NickScan\FS6000\Archive\2025\1222\0038\23301FS01202512220038.xml"
"MEDU4728152","12/22/2025 12:52:21 PM","23301FS01202512220041","C:\NickScan\FS6000\Archive\2025\1222\0041\23301FS01202512220041.xml"
"MSNU3639628","12/22/2025 1:05:23 PM","23301FS01202512220043","C:\NickScan\FS6000\Archive\2025\1222\0043\23301FS01202512220043.xml"
"TGBU6433770","12/22/2025 1:39:02 PM","23301FS01202512220048","C:\NickScan\FS6000\Archive\2025\1222\0048\23301FS01202512220048.xml"
"MSKU5684811","12/22/2025 2:53:33 PM","23301FS01202512220054","C:\NickScan\FS6000\Archive\2025\1222\0054\23301FS01202512220054.xml"
"TGHU1638614","12/22/2025 2:58:14 PM","23301FS01202512220055","C:\NickScan\FS6000\Archive\2025\1222\0055\23301FS01202512220055.xml"
"MSNU2250020","12/22/2025 3:36:48 PM","23301FS01202512220061","C:\NickScan\FS6000\Archive\2025\1222\0061\23301FS01202512220061.xml"
"FCIU3555471","12/22/2025 4:44:20 PM","23301FS01202512220077","C:\NickScan\FS6000\Archive\2025\1222\0077\23301FS01202512220077.xml"
"TCNU2809730","12/22/2025 8:21:25 PM","23301FS01202512220117","C:\NickScan\FS6000\Archive\2025\1222\0117\23301FS01202512220117.xml"
"TLLU2422300","12/22/2025 8:32:18 PM","23301FS01202512220119","C:\NickScan\FS6000\Archive\2025\1222\0119\23301FS01202512220119.xml"
"MSDU2138160","12/22/2025 9:25:24 PM","23301FS01202512220128","C:\NickScan\FS6000\Archive\2025\1222\0128\23301FS01202512220128.xml"
"MSBU3456614","12/23/2025 12:28:33 AM","23301FS01202512230003","C:\NickScan\FS6000\Archive\2025\1223\0003\23301FS01202512230003.xml"
"TGCU0135725","12/23/2025 12:58:08 AM","23301FS01202512230004","C:\NickScan\FS6000\Archive\2025\1223\0004\23301FS01202512230004.xml"
"MSMU2375466","12/23/2025 1:02:17 AM","23301FS01202512230005","C:\NickScan\FS6000\Archive\2025\1223\0005\23301FS01202512230005.xml"
"TLLU2123593","12/23/2025 1:11:19 AM","23301FS01202512230006","C:\NickScan\FS6000\Archive\2025\1223\0006\23301FS01202512230006.xml"
"MSCU5151433","12/23/2025 10:48:39 AM","23301FS01202512230032","C:\NickScan\FS6000\Archive\2025\1223\0032\23301FS01202512230032.xml"
"TGHU9867448","12/23/2025 12:24:27 PM","23301FS01202512230035","C:\NickScan\FS6000\Archive\2025\1223\0035\23301FS01202512230035.xml"
"MSMU8760433","12/23/2025 12:45:27 PM","23301FS01202512230036","C:\NickScan\FS6000\Archive\2025\1223\0036\23301FS01202512230036.xml"
"FCIU6442484","12/23/2025 2:23:42 PM","23301FS01202512230040","C:\NickScan\FS6000\Archive\2025\1223\0040\23301FS01202512230040.xml"
"FCIU4565983","12/23/2025 2:37:27 PM","23301FS01202512230042","C:\NickScan\FS6000\Archive\2025\1223\0042\23301FS01202512230042.xml"
"UETU2682690","12/23/2025 2:40:41 PM","23301FS01202512230043","C:\NickScan\FS6000\Archive\2025\1223\0043\23301FS01202512230043.xml"
"MSDU1671596","12/23/2025 3:05:07 PM","23301FS01202512230045","C:\NickScan\FS6000\Archive\2025\1223\0045\23301FS01202512230045.xml"
"TCLU1419427","12/23/2025 4:26:10 PM","23301FS01202512230052","C:\NickScan\FS6000\Archive\2025\1223\0052\23301FS01202512230052.xml"
"SEKU1538226","12/23/2025 5:25:47 PM","23301FS01202512230058","C:\NickScan\FS6000\Archive\2025\1223\0058\23301FS01202512230058.xml"
"GAOU2544719","12/23/2025 6:43:12 PM","23301FS01202512230061","C:\NickScan\FS6000\Archive\2025\1223\0061\23301FS01202512230061.xml"
"MSMU3715909","12/23/2025 6:55:02 PM","23301FS01202512230063","C:\NickScan\FS6000\Archive\2025\1223\0063\23301FS01202512230063.xml"
"AMFU8930162","12/23/2025 7:18:36 PM","23301FS01202512230065","C:\NickScan\FS6000\Archive\2025\1223\0065\23301FS01202512230065.xml"
"MRKU7150290","12/23/2025 8:12:22 PM","23301FS01202512230066","C:\NickScan\FS6000\Archive\2025\1223\0066\23301FS01202512230066.xml"
"MRKU7075638","12/23/2025 9:40:23 PM","23301FS01202512230067","C:\NickScan\FS6000\Archive\2025\1223\0067\23301FS01202512230067.xml"
"TCLU5861397","12/24/2025 10:34:15 AM","23301FS01202512240010","C:\NickScan\FS6000\Archive\2025\1224\0010\23301FS01202512240010.xml"
"MSMU5916965","12/24/2025 11:15:31 AM","23301FS01202512240014","C:\NickScan\FS6000\Archive\2025\1224\0014\23301FS01202512240014.xml"
"SEKU4009123","12/24/2025 11:24:08 AM","23301FS01202512240015","C:\NickScan\FS6000\Archive\2025\1224\0015\23301FS01202512240015.xml"
"TGBU3614250","12/24/2025 12:49:05 PM","23301FS01202512240018","C:\NickScan\FS6000\Archive\2025\1224\0018\23301FS01202512240018.xml"
"MEDU5497232","12/24/2025 12:55:04 PM","23301FS01202512240020","C:\NickScan\FS6000\Archive\2025\1224\0020\23301FS01202512240020.xml"
"TCLU2787167","12/24/2025 12:58:56 PM","23301FS01202512240021","C:\NickScan\FS6000\Archive\2025\1224\0021\23301FS01202512240021.xml"
"CARU2215270","12/24/2025 1:02:21 PM","23301FS01202512240022","C:\NickScan\FS6000\Archive\2025\1224\0022\23301FS01202512240022.xml"
"FCIU3453401","12/24/2025 1:05:28 PM","23301FS01202512240023","C:\NickScan\FS6000\Archive\2025\1224\0023\23301FS01202512240023.xml"
"TCLU2001128","12/24/2025 1:09:10 PM","23301FS01202512240024","C:\NickScan\FS6000\Archive\2025\1224\0024\23301FS01202512240024.xml"
"FBIU0215820","12/24/2025 1:09:10 PM","23301FS01202512240024","C:\NickScan\FS6000\Archive\2025\1224\0024\23301FS01202512240024.xml"
"SLSU2002596","12/24/2025 1:12:35 PM","23301FS01202512240025","C:\NickScan\FS6000\Archive\2025\1224\0025\23301FS01202512240025.xml"
"MEDU3716368","12/24/2025 1:12:35 PM","23301FS01202512240025","C:\NickScan\FS6000\Archive\2025\1224\0025\23301FS01202512240025.xml"
"MSKU5027057","12/24/2025 5:41:39 PM","23301FS01202512240044","C:\NickScan\FS6000\Archive\2025\1224\0044\23301FS01202512240044.xml"
"MSKU5843702","12/24/2025 5:41:39 PM","23301FS01202512240044","C:\NickScan\FS6000\Archive\2025\1224\0044\23301FS01202512240044.xml"
"MSKU5160096","12/24/2025 6:27:25 PM","23301FS01202512240047","C:\NickScan\FS6000\Archive\2025\1224\0047\23301FS01202512240047.xml"
"MSKU583576","12/24/2025 6:27:25 PM","23301FS01202512240047","C:\NickScan\FS6000\Archive\2025\1224\0047\23301FS01202512240047.xml"
"MSBU1058761","12/24/2025 7:18:38 PM","23301FS01202512240050","C:\NickScan\FS6000\Archive\2025\1224\0050\23301FS01202512240050.xml"
"TEMU3464910","12/24/2025 7:18:38 PM","23301FS01202512240050","C:\NickScan\FS6000\Archive\2025\1224\0050\23301FS01202512240050.xml"
"TCLU7737750","12/24/2025 7:22:55 PM","23301FS01202512240051","C:\NickScan\FS6000\Archive\2025\1224\0051\23301FS01202512240051.xml"
"MSKU3594200","12/24/2025 8:24:42 PM","23301FS01202512240053","C:\NickScan\FS6000\Archive\2025\1224\0053\23301FS01202512240053.xml"
"MSDU1163424","12/27/2025 10:35:16 AM","23301FS01202512270001","C:\NickScan\FS6000\Archive\2025\1227\0001\23301FS01202512270001.xml"
"TCKU1033186","12/27/2025 11:03:46 AM","23301FS01202512270002","C:\NickScan\FS6000\Archive\2025\1227\0002\23301FS01202512270002.xml"
"FFAU2269434","12/27/2025 11:06:54 AM","23301FS01202512270003","C:\NickScan\FS6000\Archive\2025\1227\0003\23301FS01202512270003.xml"
"CAIU9881184","12/27/2025 11:12:24 AM","23301FS01202512270004","C:\NickScan\FS6000\Archive\2025\1227\0004\23301FS01202512270004.xml"
"TCLU9496517","12/27/2025 11:15:00 AM","23301FS01202512270005","C:\NickScan\FS6000\Archive\2025\1227\0005\23301FS01202512270005.xml"
"TXGU6993762","12/27/2025 11:17:48 AM","23301FS01202512270006","C:\NickScan\FS6000\Archive\2025\1227\0006\23301FS01202512270006.xml"
"MEDU7538942","12/27/2025 11:21:28 AM","23301FS01202512270007","C:\NickScan\FS6000\Archive\2025\1227\0007\23301FS01202512270007.xml"
"FCIU6390375","12/27/2025 11:27:43 AM","23301FS01202512270008","C:\NickScan\FS6000\Archive\2025\1227\0008\23301FS01202512270008.xml"
"MEDU2712795","12/27/2025 11:27:43 AM","23301FS01202512270008","C:\NickScan\FS6000\Archive\2025\1227\0008\23301FS01202512270008.xml"
"MSMU1708201","12/27/2025 11:30:09 AM","23301FS01202512270009","C:\NickScan\FS6000\Archive\2025\1227\0009\23301FS01202512270009.xml"
"TEMU5604138","12/27/2025 12:42:16 PM","23301FS01202512270010","C:\NickScan\FS6000\Archive\2025\1227\0010\23301FS01202512270010.xml"
"MSDU2914746","12/27/2025 2:09:19 PM","23301FS01202512270011","C:\NickScan\FS6000\Archive\2025\1227\0011\23301FS01202512270011.xml"
"MSBU1325472","12/27/2025 2:11:22 PM","23301FS01202512270012","C:\NickScan\FS6000\Archive\2025\1227\0012\23301FS01202512270012.xml"
"BMOU5880560","12/29/2025 9:39:33 AM","23301FS01202512290001","C:\NickScan\FS6000\Archive\2025\1229\0001\23301FS01202512290001.xml"
"MEDU4242659","12/29/2025 10:40:12 AM","23301FS01202512290002","C:\NickScan\FS6000\Archive\2025\1229\0002\23301FS01202512290002.xml"
"TEMU6528599","12/29/2025 11:48:29 AM","23301FS01202512290003","C:\NickScan\FS6000\Archive\2025\1229\0003\23301FS01202512290003.xml"
"MSMU8654616","12/29/2025 12:32:35 PM","23301FS01202512290004","C:\NickScan\FS6000\Archive\2025\1229\0004\23301FS01202512290004.xml"
"MSNU2586499","12/29/2025 12:38:01 PM","23301FS01202512290005","C:\NickScan\FS6000\Archive\2025\1229\0005\23301FS01202512290005.xml"
"MRSU7812532","12/29/2025 1:14:44 PM","23301FS01202512290006","C:\NickScan\FS6000\Archive\2025\1229\0006\23301FS01202512290006.xml"
"MRKU9344715MRKU8072459","12/29/2025 1:30:17 PM","23301FS01202512290007","C:\NickScan\FS6000\Archive\2025\1229\0007\23301FS01202512290007.xml"
"TRHU4598414","12/29/2025 1:40:34 PM","23301FS01202512290008","C:\NickScan\FS6000\Archive\2025\1229\0008\23301FS01202512290008.xml"
"HPCU2321068","12/29/2025 1:45:09 PM","23301FS01202512290009","C:\NickScan\FS6000\Archive\2025\1229\0009\23301FS01202512290009.xml"
"MSMU4317216","12/29/2025 2:01:11 PM","23301FS01202512290010","C:\NickScan\FS6000\Archive\2025\1229\0010\23301FS01202512290010.xml"
"TEMU1866572","12/29/2025 2:04:21 PM","23301FS01202512290011","C:\NickScan\FS6000\Archive\2025\1229\0011\23301FS01202512290011.xml"
"DFSU2155638","12/29/2025 2:40:28 PM","23301FS01202512290012","C:\NickScan\FS6000\Archive\2025\1229\0012\23301FS01202512290012.xml"
"MRKU8080578","12/29/2025 3:09:00 PM","23301FS01202512290013","C:\NickScan\FS6000\Archive\2025\1229\0013\23301FS01202512290013.xml"
"MSKU5725382","12/29/2025 3:09:00 PM","23301FS01202512290013","C:\NickScan\FS6000\Archive\2025\1229\0013\23301FS01202512290013.xml"
"MEDU6167718","12/29/2025 3:12:39 PM","23301FS01202512290014","C:\NickScan\FS6000\Archive\2025\1229\0014\23301FS01202512290014.xml"
"MSBU6651255","12/29/2025 3:51:07 PM","23301FS01202512290015","C:\NickScan\FS6000\Archive\2025\1229\0015\23301FS01202512290015.xml"
"BEAU2976494","12/29/2025 3:55:42 PM","23301FS01202512290016","C:\NickScan\FS6000\Archive\2025\1229\0016\23301FS01202512290016.xml"
"GLDU7702566","12/29/2025 4:01:11 PM","23301FS01202512290017","C:\NickScan\FS6000\Archive\2025\1229\0017\23301FS01202512290017.xml"
"MSMU5581521","12/29/2025 4:05:24 PM","23301FS01202512290018","C:\NickScan\FS6000\Archive\2025\1229\0018\23301FS01202512290018.xml"
"MSNU6601565","12/29/2025 4:11:03 PM","23301FS01202512290019","C:\NickScan\FS6000\Archive\2025\1229\0019\23301FS01202512290019.xml"
"GLDU7643503","12/29/2025 4:21:58 PM","23301FS01202512290020","C:\NickScan\FS6000\Archive\2025\1229\0020\23301FS01202512290020.xml"
"MEDU7590051","12/29/2025 4:23:43 PM","23301FS01202512290021","C:\NickScan\FS6000\Archive\2025\1229\0021\23301FS01202512290021.xml"
"MEDU8499183","12/29/2025 4:28:26 PM","23301FS01202512290022","C:\NickScan\FS6000\Archive\2025\1229\0022\23301FS01202512290022.xml"
"MSWU6317581","12/29/2025 4:34:08 PM","23301FS01202512290023","C:\NickScan\FS6000\Archive\2025\1229\0023\23301FS01202512290023.xml"
"MRKU9703271","12/29/2025 4:43:30 PM","23301FS01202512290024","C:\NickScan\FS6000\Archive\2025\1229\0024\23301FS01202512290024.xml"
"MSMU4578673","12/29/2025 5:14:07 PM","23301FS01202512290025","C:\NickScan\FS6000\Archive\2025\1229\0025\23301FS01202512290025.xml"
"TRHU1509732","12/29/2025 5:18:25 PM","23301FS01202512290026","C:\NickScan\FS6000\Archive\2025\1229\0026\23301FS01202512290026.xml"
"TCKU3398012","12/29/2025 7:27:59 PM","23301FS01202512290027","C:\NickScan\FS6000\Archive\2025\1229\0027\23301FS01202512290027.xml"
"SUDU6881640","12/29/2025 7:55:43 PM","23301FS01202512290028","C:\NickScan\FS6000\Archive\2025\1229\0028\23301FS01202512290028.xml"
"MRSU6228381","12/29/2025 7:56:58 PM","23301FS01202512290029","C:\NickScan\FS6000\Archive\2025\1229\0029\23301FS01202512290029.xml"
"CAJU5044223","12/29/2025 7:59:30 PM","23301FS01202512290030","C:\NickScan\FS6000\Archive\2025\1229\0030\23301FS01202512290030.xml"
"MSMU1568898","12/29/2025 8:09:59 PM","23301FS01202512290031","C:\NickScan\FS6000\Archive\2025\1229\0031\23301FS01202512290031.xml"
"MSMU2122200","12/29/2025 8:39:38 PM","23301FS01202512290032","C:\NickScan\FS6000\Archive\2025\1229\0032\23301FS01202512290032.xml"
"CAAU4613674","12/29/2025 8:41:12 PM","23301FS01202512290033","C:\NickScan\FS6000\Archive\2025\1229\0033\23301FS01202512290033.xml"
"MRKU3020555","12/29/2025 8:45:15 PM","23301FS01202512290034","C:\NickScan\FS6000\Archive\2025\1229\0034\23301FS01202512290034.xml"
"MIEU2029497","12/29/2025 8:47:41 PM","23301FS01202512290035","C:\NickScan\FS6000\Archive\2025\1229\0035\23301FS01202512290035.xml"
"CAAU8953899","12/29/2025 9:21:46 PM","23301FS01202512290036","C:\NickScan\FS6000\Archive\2025\1229\0036\23301FS01202512290036.xml"
"CAIU9210798","12/29/2025 9:23:28 PM","23301FS01202512290037","C:\NickScan\FS6000\Archive\2025\1229\0037\23301FS01202512290037.xml"
"MRSU4057802","12/29/2025 9:25:58 PM","23301FS01202512290038","C:\NickScan\FS6000\Archive\2025\1229\0038\23301FS01202512290038.xml"
"CAAU5263499","12/29/2025 10:15:41 PM","23301FS01202512290039","C:\NickScan\FS6000\Archive\2025\1229\0039\23301FS01202512290039.xml"
"SUDU8875081","12/29/2025 10:24:26 PM","23301FS01202512290040","C:\NickScan\FS6000\Archive\2025\1229\0040\23301FS01202512290040.xml"
"TGBU9361930","12/29/2025 10:28:04 PM","23301FS01202512290041","C:\NickScan\FS6000\Archive\2025\1229\0041\23301FS01202512290041.xml"
"MRKU2690681","12/29/2025 10:50:20 PM","23301FS01202512290042","C:\NickScan\FS6000\Archive\2025\1229\0042\23301FS01202512290042.xml"
"MRKU2804125","12/29/2025 10:55:12 PM","23301FS01202512290043","C:\NickScan\FS6000\Archive\2025\1229\0043\23301FS01202512290043.xml"
"FFAU4815452","12/29/2025 11:01:31 PM","23301FS01202512290044","C:\NickScan\FS6000\Archive\2025\1229\0044\23301FS01202512290044.xml"
"UETU7290921","12/29/2025 11:27:09 PM","23301FS01202512290045","C:\NickScan\FS6000\Archive\2025\1229\0045\23301FS01202512290045.xml"
"MRSU5002091","12/29/2025 11:29:33 PM","23301FS01202512290046","C:\NickScan\FS6000\Archive\2025\1229\0046\23301FS01202512290046.xml"
"MRSU6888370","12/29/2025 11:35:17 PM","23301FS01202512290047","C:\NickScan\FS6000\Archive\2025\1229\0047\23301FS01202512290047.xml"
"BSIU9079106","12/30/2025 12:00:54 AM","23301FS01202512300001","C:\NickScan\FS6000\Archive\2025\1230\0001\23301FS01202512300001.xml"
"MRKU4923479","12/30/2025 12:12:54 AM","23301FS01202512300002","C:\NickScan\FS6000\Archive\2025\1230\0002\23301FS01202512300002.xml"
"MRKU5123110","12/30/2025 12:17:23 AM","23301FS01202512300003","C:\NickScan\FS6000\Archive\2025\1230\0003\23301FS01202512300003.xml"
"CAAU5299336","12/30/2025 12:34:27 AM","23301FS01202512300004","C:\NickScan\FS6000\Archive\2025\1230\0004\23301FS01202512300004.xml"
"MRSU3464188","12/30/2025 12:45:24 AM","23301FS01202512300005","C:\NickScan\FS6000\Archive\2025\1230\0005\23301FS01202512300005.xml"
"HASU5046968","12/30/2025 12:49:10 AM","23301FS01202512300006","C:\NickScan\FS6000\Archive\2025\1230\0006\23301FS01202512300006.xml"
"MSDU2242750","12/30/2025 12:54:19 AM","23301FS01202512300007","C:\NickScan\FS6000\Archive\2025\1230\0007\23301FS01202512300007.xml"
"MSKU1810594","12/30/2025 1:04:05 AM","23301FS01202512300008","C:\NickScan\FS6000\Archive\2025\1230\0008\23301FS01202512300008.xml"
"MRKU3267170","12/30/2025 1:26:38 AM","23301FS01202512300009","C:\NickScan\FS6000\Archive\2025\1230\0009\23301FS01202512300009.xml"
"HASU5118760","12/30/2025 1:30:28 AM","23301FS01202512300010","C:\NickScan\FS6000\Archive\2025\1230\0010\23301FS01202512300010.xml"
"MRSU4430120","12/30/2025 1:33:51 AM","23301FS01202512300011","C:\NickScan\FS6000\Archive\2025\1230\0011\23301FS01202512300011.xml"
"MSKU1228829","12/30/2025 2:01:36 AM","23301FS01202512300012","C:\NickScan\FS6000\Archive\2025\1230\0012\23301FS01202512300012.xml"
"SUDU8746910","12/30/2025 2:04:08 AM","23301FS01202512300013","C:\NickScan\FS6000\Archive\2025\1230\0013\23301FS01202512300013.xml"
"PCIU8922142","12/30/2025 2:06:58 AM","23301FS01202512300014","C:\NickScan\FS6000\Archive\2025\1230\0014\23301FS01202512300014.xml"
"MEDU6241327","12/30/2025 6:45:17 AM","23301FS01202512300015","C:\NickScan\FS6000\Archive\2025\1230\0015\23301FS01202512300015.xml"
"GLDU5295667","12/30/2025 7:06:14 AM","23301FS01202512300016","C:\NickScan\FS6000\Archive\2025\1230\0016\23301FS01202512300016.xml"
"MSNU3009130","12/30/2025 7:09:59 AM","23301FS01202512300017","C:\NickScan\FS6000\Archive\2025\1230\0017\23301FS01202512300017.xml"
"MRKU3569118","12/30/2025 10:40:29 AM","23301FS01202512300018","C:\NickScan\FS6000\Archive\2025\1230\0018\23301FS01202512300018.xml"
"MEDU7328000","12/30/2025 10:43:13 AM","23301FS01202512300019","C:\NickScan\FS6000\Archive\2025\1230\0019\23301FS01202512300019.xml"
"MEDU7233347","12/30/2025 11:08:10 AM","23301FS01202512300020","C:\NickScan\FS6000\Archive\2025\1230\0020\23301FS01202512300020.xml"
"GESU5977104","12/30/2025 11:44:34 AM","23301FS01202512300021","C:\NickScan\FS6000\Archive\2025\1230\0021\23301FS01202512300021.xml"
"FFAU1956647","12/30/2025 11:53:16 AM","23301FS01202512300022","C:\NickScan\FS6000\Archive\2025\1230\0022\23301FS01202512300022.xml"
"CAIU8963061","12/30/2025 12:04:32 PM","23301FS01202512300023","C:\NickScan\FS6000\Archive\2025\1230\0023\23301FS01202512300023.xml"
"MSDU7086731","12/30/2025 12:07:27 PM","23301FS01202512300024","C:\NickScan\FS6000\Archive\2025\1230\0024\23301FS01202512300024.xml"
"MEDU4821368","12/30/2025 12:30:16 PM","23301FS01202512300025","C:\NickScan\FS6000\Archive\2025\1230\0025\23301FS01202512300025.xml"
"MEDU7345007","12/30/2025 1:37:33 PM","23301FS01202512300026","C:\NickScan\FS6000\Archive\2025\1230\0026\23301FS01202512300026.xml"
"MRKU7407769","12/30/2025 1:39:02 PM","23301FS01202512300027","C:\NickScan\FS6000\Archive\2025\1230\0027\23301FS01202512300027.xml"
"MEDU7173886","12/30/2025 1:39:42 PM","23301FS01202512300028","C:\NickScan\FS6000\Archive\2025\1230\0028\23301FS01202512300028.xml"
"MEDU7066548","12/30/2025 2:00:19 PM","23301FS01202512300029","C:\NickScan\FS6000\Archive\2025\1230\0029\23301FS01202512300029.xml"
"GCXU6271511","12/30/2025 3:40:44 PM","23301FS01202512300030","C:\NickScan\FS6000\Archive\2025\1230\0030\23301FS01202512300030.xml"
"MSKU5630060","12/30/2025 3:46:04 PM","23301FS01202512300031","C:\NickScan\FS6000\Archive\2025\1230\0031\23301FS01202512300031.xml"
"MRSU0363050","12/30/2025 3:49:17 PM","23301FS01202512300032","C:\NickScan\FS6000\Archive\2025\1230\0032\23301FS01202512300032.xml"
"TCKU1199979","12/30/2025 3:49:17 PM","23301FS01202512300032","C:\NickScan\FS6000\Archive\2025\1230\0032\23301FS01202512300032.xml"
"MSMU2263701","12/30/2025 3:50:05 PM","23301FS01202512300033","C:\NickScan\FS6000\Archive\2025\1230\0033\23301FS01202512300033.xml"
"MRKU6820839","12/30/2025 3:51:11 PM","23301FS01202512300034","C:\NickScan\FS6000\Archive\2025\1230\0034\23301FS01202512300034.xml"
"MRKU7485777","12/30/2025 3:51:11 PM","23301FS01202512300034","C:\NickScan\FS6000\Archive\2025\1230\0034\23301FS01202512300034.xml"
"MSBU3403506","12/30/2025 4:01:00 PM","23301FS01202512300035","C:\NickScan\FS6000\Archive\2025\1230\0035\23301FS01202512300035.xml"
"MSBU3456614","12/30/2025 4:03:49 PM","23301FS01202512300036","C:\NickScan\FS6000\Archive\2025\1230\0036\23301FS01202512300036.xml"
"MSBU1094440","12/30/2025 4:14:32 PM","23301FS01202512300037","C:\NickScan\FS6000\Archive\2025\1230\0037\23301FS01202512300037.xml"
"MRKU5846103","12/30/2025 4:38:51 PM","23301FS01202512300038","C:\NickScan\FS6000\Archive\2025\1230\0038\23301FS01202512300038.xml"
"TRHU5622393","12/30/2025 4:46:39 PM","23301FS01202512300039","C:\NickScan\FS6000\Archive\2025\1230\0039\23301FS01202512300039.xml"
"MRSU3490119","12/30/2025 4:57:57 PM","23301FS01202512300040","C:\NickScan\FS6000\Archive\2025\1230\0040\23301FS01202512300040.xml"
"MRSU7761986","12/30/2025 7:30:01 PM","23301FS01202512300041","C:\NickScan\FS6000\Archive\2025\1230\0041\23301FS01202512300041.xml"
"TGHU1638614","12/30/2025 9:17:05 PM","23301FS01202512300042","C:\NickScan\FS6000\Archive\2025\1230\0042\23301FS01202512300042.xml"
"TTNU1066037","12/30/2025 9:26:43 PM","23301FS01202512300043","C:\NickScan\FS6000\Archive\2025\1230\0043\23301FS01202512300043.xml"
"MSKU7538950","12/30/2025 9:58:28 PM","23301FS01202512300044","C:\NickScan\FS6000\Archive\2025\1230\0044\23301FS01202512300044.xml"
"MSKU7430436","12/31/2025 3:05:57 AM","23301FS01202512310001","C:\NickScan\FS6000\Archive\2025\1231\0001\23301FS01202512310001.xml"
"MSDU2473229","12/31/2025 7:45:42 AM","23301FS01202512310002","C:\NickScan\FS6000\Archive\2025\1231\0002\23301FS01202512310002.xml"
"SUDU1912563","12/31/2025 8:07:11 AM","23301FS01202512310003","C:\NickScan\FS6000\Archive\2025\1231\0003\23301FS01202512310003.xml"
"FFAU2028416","12/31/2025 9:00:58 AM","23301FS01202512310004","C:\NickScan\FS6000\Archive\2025\1231\0004\23301FS01202512310004.xml"
"MSMU6267135","12/31/2025 10:29:40 AM","23301FS01202512310005","C:\NickScan\FS6000\Archive\2025\1231\0005\23301FS01202512310005.xml"
"MEDU8928523","12/31/2025 11:13:14 AM","23301FS01202512310006","C:\NickScan\FS6000\Archive\2025\1231\0006\23301FS01202512310006.xml"
"TCNU5574521","12/31/2025 11:21:57 AM","23301FS01202512310007","C:\NickScan\FS6000\Archive\2025\1231\0007\23301FS01202512310007.xml"
"SEKU6669086","12/31/2025 11:25:14 AM","23301FS01202512310008","C:\NickScan\FS6000\Archive\2025\1231\0008\23301FS01202512310008.xml"
"BEAU2372468","12/31/2025 11:37:27 AM","23301FS01202512310009","C:\NickScan\FS6000\Archive\2025\1231\0009\23301FS01202512310009.xml"
"MRKU3751570","12/31/2025 11:46:12 AM","23301FS01202512310010","C:\NickScan\FS6000\Archive\2025\1231\0010\23301FS01202512310010.xml"
"MSNU1484506","12/31/2025 11:55:11 AM","23301FS01202512310011","C:\NickScan\FS6000\Archive\2025\1231\0011\23301FS01202512310011.xml"
"MRKU8478469","12/31/2025 12:14:35 PM","23301FS01202512310012","C:\NickScan\FS6000\Archive\2025\1231\0012\23301FS01202512310012.xml"
"TGBU9849566","12/31/2025 12:16:04 PM","23301FS01202512310013","C:\NickScan\FS6000\Archive\2025\1231\0013\23301FS01202512310013.xml"
"TGBU1239968","12/31/2025 12:16:46 PM","23301FS01202512310014","C:\NickScan\FS6000\Archive\2025\1231\0014\23301FS01202512310014.xml"
"MSDU6988773","12/31/2025 12:37:41 PM","23301FS01202512310015","C:\NickScan\FS6000\Archive\2025\1231\0015\23301FS01202512310015.xml"
"TCNU7816352","12/31/2025 12:45:09 PM","23301FS01202512310016","C:\NickScan\FS6000\Archive\2025\1231\0016\23301FS01202512310016.xml"
"MEDU4384360","12/31/2025 12:48:38 PM","23301FS01202512310017","C:\NickScan\FS6000\Archive\2025\1231\0017\23301FS01202512310017.xml"
"TCLU7176704","12/31/2025 1:06:26 PM","23301FS01202512310018","C:\NickScan\FS6000\Archive\2025\1231\0018\23301FS01202512310018.xml"
"MRKU8227946","12/31/2025 1:49:36 PM","23301FS01202512310019","C:\NickScan\FS6000\Archive\2025\1231\0019\23301FS01202512310019.xml"
"TCNU8940820","12/31/2025 1:56:24 PM","23301FS01202512310020","C:\NickScan\FS6000\Archive\2025\1231\0020\23301FS01202512310020.xml"
"SUDU7337230","12/31/2025 2:31:26 PM","23301FS01202512310021","C:\NickScan\FS6000\Archive\2025\1231\0021\23301FS01202512310021.xml"
"MEDU5252461","12/31/2025 3:27:55 PM","23301FS01202512310023","C:\NickScan\FS6000\Archive\2025\1231\0023\23301FS01202512310023.xml"
"UETU8125583","12/31/2025 3:30:22 PM","23301FS01202512310024","C:\NickScan\FS6000\Archive\2025\1231\0024\23301FS01202512310024.xml"
"XINU1645094","12/31/2025 3:34:32 PM","23301FS01202512310025","C:\NickScan\FS6000\Archive\2025\1231\0025\23301FS01202512310025.xml"
"TEMU3337618","12/31/2025 3:34:32 PM","23301FS01202512310025","C:\NickScan\FS6000\Archive\2025\1231\0025\23301FS01202512310025.xml"
"MRSU0353771","12/31/2025 3:38:08 PM","23301FS01202512310026","C:\NickScan\FS6000\Archive\2025\1231\0026\23301FS01202512310026.xml"
"MSMU3589544","12/31/2025 4:13:11 PM","23301FS01202512310027","C:\NickScan\FS6000\Archive\2025\1231\0027\23301FS01202512310027.xml"
"MRKU8080578","12/31/2025 7:02:27 PM","23301FS01202512310028","C:\NickScan\FS6000\Archive\2025\1231\0028\23301FS01202512310028.xml"
"MRKU8752646","12/31/2025 7:15:38 PM","23301FS01202512310029","C:\NickScan\FS6000\Archive\2025\1231\0029\23301FS01202512310029.xml"
"MRKU6783843","12/31/2025 8:04:49 PM","23301FS01202512310030","C:\NickScan\FS6000\Archive\2025\1231\0030\23301FS01202512310030.xml"
"MRKU9240412","12/31/2025 8:52:18 PM","23301FS01202512310031","C:\NickScan\FS6000\Archive\2025\1231\0031\23301FS01202512310031.xml"
